{"cameraMode":{"drawMode":0,"name":"Shaded","section":"Shading Mode"},"sceneLighting":true,"audioPlay":false,"sceneViewState":{"m_AlwaysRefresh":false,"showFog":true,"showSkybox":true,"showFlares":true,"showImageEffects":true,"showParticleSystems":true,"showVisualEffectGraphs":true,"m_FxEnabled":true},"in2DMode":false,"pivot":{"x":5.460077285766602,"y":-1.6605520248413087,"z":1.6657867431640626},"rotation":{"x":-0.018869448453187944,"y":-0.8908964991569519,"z":0.4523329734802246,"w":-0.037183623760938647},"size":14.147222518920899,"orthographic":false}