{"cameraMode":{"drawMode":0,"name":"Shaded","section":"Shading Mode"},"sceneLighting":true,"audioPlay":false,"sceneViewState":{"m_AlwaysRefresh":false,"showFog":true,"showSkybox":true,"showFlares":true,"showImageEffects":true,"showParticleSystems":true,"showVisualEffectGraphs":true,"m_FxEnabled":true},"in2DMode":false,"pivot":{"x":6.172145366668701,"y":-1.5593290328979493,"z":28.023094177246095},"rotation":{"x":-0.23596854507923127,"y":-0.06786378473043442,"z":0.01652175560593605,"w":-0.9692476391792297},"size":34.71258544921875,"orthographic":false}