{"cameraMode":{"drawMode":0,"name":"Shaded","section":"Shading Mode"},"sceneLighting":false,"audioPlay":false,"sceneViewState":{"m_AlwaysRefresh":false,"showFog":true,"showSkybox":false,"showFlares":true,"showImageEffects":true,"showParticleSystems":true,"showVisualEffectGraphs":true,"m_FxEnabled":true},"in2DMode":false,"pivot":{"x":-2.6626598834991457,"y":-3.5899407863616945,"z":-2.4896860122680666},"rotation":{"x":-0.23403142392635346,"y":0.7548312544822693,"z":-0.35242268443107607,"w":-0.5012574195861816},"size":0.6805258393287659,"orthographic":false}